{
  "employees": [
    {
      "username": "Axle",
      "password": "1234",
      "id": "7971"
    },
    {
      "username": "Jane",
      "password": "1234",
      "id": "c4d8"
    },
    {
      "username": "Mary",
      "password": "1234",
      "id": "1fa5"
    },
    {
      "id": "d095",
      "username": "John",
      "password": "1234"
    },
    {
      "id": "7204",
      "username": "Martin",
      "password": "1234"
    },
    {
      "id": "fa8c",
      "username": "Lisa",
      "password": "1234"
    },
    {
      "id": "8ca1",
      "username": "Harry",
      "password": "1234"
    },
    {
      "id": "456e",
      "username": "Jamie",
      "password": "1234"
    }
  ]
}